{
  "/product-desc" : {
    "transaction" : "/product-desc",
    "sampleCount" : 150,
    "errorCount" : 50,
    "errorPct" : 33.333332,
    "meanResTime" : 18105.186666666676,
    "medianResTime" : 17959.5,
    "minResTime" : 2365.0,
    "maxResTime" : 32967.0,
    "pct1ResTime" : 30540.0,
    "pct2ResTime" : 30585.45,
    "pct3ResTime" : 32438.13000000001,
    "throughput" : 4.548486870034568,
    "receivedKBytesPerSec" : 55.87143915072169,
    "sentKBytesPerSec" : 0.8084224710413003
  },
  "User" : {
    "transaction" : "User",
    "sampleCount" : 6,
    "errorCount" : 5,
    "errorPct" : 83.333336,
    "meanResTime" : 538.6666666666666,
    "medianResTime" : 269.5,
    "minResTime" : 235.0,
    "maxResTime" : 1356.0,
    "pct1ResTime" : 1356.0,
    "pct2ResTime" : 1356.0,
    "pct3ResTime" : 1356.0,
    "throughput" : 0.205761316872428,
    "receivedKBytesPerSec" : 0.2873089741941015,
    "sentKBytesPerSec" : 0.037307634602194786
  },
  "/list" : {
    "transaction" : "/list",
    "sampleCount" : 100,
    "errorCount" : 76,
    "errorPct" : 76.0,
    "meanResTime" : 803.8999999999997,
    "medianResTime" : 249.0,
    "minResTime" : 236.0,
    "maxResTime" : 13828.0,
    "pct1ResTime" : 1571.3,
    "pct2ResTime" : 2977.8499999999995,
    "pct3ResTime" : 13745.199999999957,
    "throughput" : 3.9928129367139147,
    "receivedKBytesPerSec" : 18.53772584348173,
    "sentKBytesPerSec" : 0.7096601117987622
  },
  "/merchant" : {
    "transaction" : "/merchant",
    "sampleCount" : 150,
    "errorCount" : 75,
    "errorPct" : 50.0,
    "meanResTime" : 2772.4133333333325,
    "medianResTime" : 1047.5,
    "minResTime" : 236.0,
    "maxResTime" : 26619.0,
    "pct1ResTime" : 5309.800000000011,
    "pct2ResTime" : 20181.35,
    "pct3ResTime" : 26612.88,
    "throughput" : 5.070479667376533,
    "receivedKBytesPerSec" : 47.14667999780279,
    "sentKBytesPerSec" : 0.9011985346313762
  },
  "/search" : {
    "transaction" : "/search",
    "sampleCount" : 200,
    "errorCount" : 82,
    "errorPct" : 41.0,
    "meanResTime" : 19225.829999999994,
    "medianResTime" : 19131.5,
    "minResTime" : 2053.0,
    "maxResTime" : 30898.0,
    "pct1ResTime" : 30571.8,
    "pct2ResTime" : 30594.0,
    "pct3ResTime" : 30753.07,
    "throughput" : 6.37267397399949,
    "receivedKBytesPerSec" : 69.5247217431653,
    "sentKBytesPerSec" : 1.1326432258475656
  },
  "Dashboard" : {
    "transaction" : "Dashboard",
    "sampleCount" : 6,
    "errorCount" : 5,
    "errorPct" : 83.333336,
    "meanResTime" : 7712.166666666666,
    "medianResTime" : 530.5,
    "minResTime" : 237.0,
    "maxResTime" : 24309.0,
    "pct1ResTime" : 24309.0,
    "pct2ResTime" : 24309.0,
    "pct3ResTime" : 24309.0,
    "throughput" : 0.2086738775084339,
    "receivedKBytesPerSec" : 0.14930507251417244,
    "sentKBytesPerSec" : 0.04272651984140785
  },
  "Login" : {
    "transaction" : "Login",
    "sampleCount" : 6,
    "errorCount" : 5,
    "errorPct" : 83.333336,
    "meanResTime" : 11145.0,
    "medianResTime" : 9751.5,
    "minResTime" : 2015.0,
    "maxResTime" : 30558.0,
    "pct1ResTime" : 30558.0,
    "pct2ResTime" : 30558.0,
    "pct3ResTime" : 30558.0,
    "throughput" : 0.19634792852935404,
    "receivedKBytesPerSec" : 0.24763998993716865,
    "sentKBytesPerSec" : 0.053241479318018196
  },
  "/recomendation" : {
    "transaction" : "/recomendation",
    "sampleCount" : 150,
    "errorCount" : 82,
    "errorPct" : 54.666668,
    "meanResTime" : 1818.7333333333336,
    "medianResTime" : 877.0,
    "minResTime" : 239.0,
    "maxResTime" : 24573.0,
    "pct1ResTime" : 2514.4000000000005,
    "pct2ResTime" : 5854.149999999992,
    "pct3ResTime" : 22618.680000000037,
    "throughput" : 5.152868430092752,
    "receivedKBytesPerSec" : 43.60957091635177,
    "sentKBytesPerSec" : 0.9158418498797665
  },
  "/personalized-ads" : {
    "transaction" : "/personalized-ads",
    "sampleCount" : 300,
    "errorCount" : 145,
    "errorPct" : 48.333332,
    "meanResTime" : 3814.286666666666,
    "medianResTime" : 1262.0,
    "minResTime" : 239.0,
    "maxResTime" : 27957.0,
    "pct1ResTime" : 16680.700000000033,
    "pct2ResTime" : 20861.8,
    "pct3ResTime" : 25955.71000000001,
    "throughput" : 10.156408693885842,
    "receivedKBytesPerSec" : 97.46780101056267,
    "sentKBytesPerSec" : 1.8051429514523665
  },
  "help" : {
    "transaction" : "help",
    "sampleCount" : 8,
    "errorCount" : 0,
    "errorPct" : 0.0,
    "meanResTime" : 6734.5,
    "medianResTime" : 7049.0,
    "minResTime" : 6107.0,
    "maxResTime" : 7130.0,
    "pct1ResTime" : 7130.0,
    "pct2ResTime" : 7130.0,
    "pct3ResTime" : 7130.0,
    "throughput" : 1.1220196353436185,
    "receivedKBytesPerSec" : 0.40432152875175315,
    "sentKBytesPerSec" : 0.18298562412342217
  },
  "Query CEO" : {
    "transaction" : "Query CEO",
    "sampleCount" : 1,
    "errorCount" : 1,
    "errorPct" : 100.0,
    "meanResTime" : 249.0,
    "medianResTime" : 249.0,
    "minResTime" : 249.0,
    "maxResTime" : 249.0,
    "pct1ResTime" : 249.0,
    "pct2ResTime" : 249.0,
    "pct3ResTime" : 249.0,
    "throughput" : 4.016064257028112,
    "receivedKBytesPerSec" : 1.8158571787148594,
    "sentKBytesPerSec" : 0.8981237449799196
  },
  "/history" : {
    "transaction" : "/history",
    "sampleCount" : 300,
    "errorCount" : 170,
    "errorPct" : 56.666668,
    "meanResTime" : 2589.65,
    "medianResTime" : 907.5,
    "minResTime" : 237.0,
    "maxResTime" : 26595.0,
    "pct1ResTime" : 5649.600000000002,
    "pct2ResTime" : 20148.049999999992,
    "pct3ResTime" : 24158.350000000006,
    "throughput" : 10.198878123406425,
    "receivedKBytesPerSec" : 82.65095136409995,
    "sentKBytesPerSec" : 1.8126912289648138
  },
  "/promo" : {
    "transaction" : "/promo",
    "sampleCount" : 300,
    "errorCount" : 183,
    "errorPct" : 61.0,
    "meanResTime" : 1215.4866666666667,
    "medianResTime" : 299.5,
    "minResTime" : 236.0,
    "maxResTime" : 24304.0,
    "pct1ResTime" : 2183.200000000002,
    "pct2ResTime" : 2756.3499999999995,
    "pct3ResTime" : 20139.720000000034,
    "throughput" : 10.232621597653319,
    "receivedKBytesPerSec" : 74.98446453543897,
    "sentKBytesPerSec" : 1.818688604270414
  },
  "/review" : {
    "transaction" : "/review",
    "sampleCount" : 150,
    "errorCount" : 63,
    "errorPct" : 42.0,
    "meanResTime" : 3514.060000000001,
    "medianResTime" : 1307.0,
    "minResTime" : 236.0,
    "maxResTime" : 25920.0,
    "pct1ResTime" : 16707.600000000013,
    "pct2ResTime" : 20888.8,
    "pct3ResTime" : 25765.47,
    "throughput" : 4.928374293599685,
    "receivedKBytesPerSec" : 52.88758455242147,
    "sentKBytesPerSec" : 0.8759415248390064
  },
  "DB Query" : {
    "transaction" : "DB Query",
    "sampleCount" : 1,
    "errorCount" : 0,
    "errorPct" : 0.0,
    "meanResTime" : 5516.0,
    "medianResTime" : 5516.0,
    "minResTime" : 5516.0,
    "maxResTime" : 5516.0,
    "pct1ResTime" : 5516.0,
    "pct2ResTime" : 5516.0,
    "pct3ResTime" : 5516.0,
    "throughput" : 0.18129079042784627,
    "receivedKBytesPerSec" : 0.036293566443074694,
    "sentKBytesPerSec" : 0.0
  },
  "Total" : {
    "transaction" : "Total",
    "sampleCount" : 2328,
    "errorCount" : 1180,
    "errorPct" : 50.687286,
    "meanResTime" : 7123.8685567010425,
    "medianResTime" : 1559.5,
    "minResTime" : 235.0,
    "maxResTime" : 32967.0,
    "pct1ResTime" : 29862.7,
    "pct2ResTime" : 30420.199999999997,
    "pct3ResTime" : 30616.620000000003,
    "throughput" : 68.29983863869738,
    "receivedKBytesPerSec" : 620.7776457294265,
    "sentKBytesPerSec" : 12.153755088381986
  },
  "/order" : {
    "transaction" : "/order",
    "sampleCount" : 100,
    "errorCount" : 59,
    "errorPct" : 59.0,
    "meanResTime" : 4491.1799999999985,
    "medianResTime" : 1055.0,
    "minResTime" : 236.0,
    "maxResTime" : 30580.0,
    "pct1ResTime" : 18507.400000000005,
    "pct2ResTime" : 30182.649999999998,
    "pct3ResTime" : 30579.13,
    "throughput" : 3.031497256494983,